team_code,player_name_en,player_name_ko,position,is_starting,attack,defense,passing,physical,mental,gk
KOR,Seung-Gyu Kim,김승규,GK,1,15,65,68,72,82,86
KOR,Bum-Keun Song,송범근,GK,0,10,60,60,70,78,82
KOR,Hyeon-Woo Jo,조현우,GK,0,12,62,62,72,80,84
KOR,Ki-Je Lee,이기제,DF,1,65,68,72,70,74,0
KOR,Jin-Su Kim,김진수,DF,0,60,70,70,72,76,0
KOR,Min-Jae Kim,김민재,DF,1,40,92,76,88,88,0
KOR,Seung-Hyun Jung,정승현,DF,0,35,80,66,78,76,0
KOR,Young-Gwon Kim,김영권,DF,1,38,86,72,76,84,0
KOR,Ju-Sung Kim,김주성,DF,0,35,74,66,74,72,0
KOR,Ji-Soo Kim,김지수,DF,0,38,76,66,76,72,0
KOR,Young-Woo Seol,설영우,DF,1,68,78,72,80,80,0
KOR,Tae-Hwan Kim,김태환,DF,0,64,76,70,78,78,0
KOR,Yong-Woo Park,박용우,MF,1,60,80,72,78,80,0
KOR,In-Beom Hwang,황인범,MF,1,75,74,84,76,84,0
KOR,Soon-Min Lee,이순민,MF,0,68,70,74,74,76,0
KOR,Jin-Seob Park,박진섭,MF,0,58,78,70,74,78,0
KOR,Hyun-Seok Hong,홍현석,MF,0,74,70,80,74,80,0
KOR,Heung-Min Son,손흥민,FW,1,92,50,84,88,90,0
KOR,Jae-Sung Lee,이재성,MF,1,78,72,82,78,84,0
KOR,Hee-Chan Hwang,황희찬,FW,0,85,54,78,86,82,0
KOR,Kang-In Lee,이강인,MF,1,84,52,88,76,86,0
KOR,Gue-Sung Cho,조규성,FW,1,82,52,72,82,80,0
KOR,Hyeon-Gyu Oh,오현규,FW,0,80,50,70,80,78,0
KOR,Woo-Young Jeong,정우영,FW,0,78,50,76,80,78,0
KOR,Moon-Seon-Min,문선민,FW,0,76,48,72,84,76,0
KOR,Hyun-Jun Yang,양현준,FW,0,75,46,74,82,76,0
JPN,Daiya Maekawa,前川黛也,GK,0,10,60,60,72,78,82
JPN,Zion Suzuki,鈴木彩艶,GK,1,12,64,62,74,80,86
JPN,Taishi Nozawa,野澤大志ブランドン,GK,0,10,58,60,70,76,80
JPN,Yukinari Sugawara,菅原由勢,DF,1,70,76,78,80,80,0
JPN,Shogo Taniguchi,谷口彰悟,DF,0,40,84,72,78,82,0
JPN,Kou Itakura,板倉滉,DF,0,48,86,74,80,84,0
JPN,Koki Machida,町田浩樹,DF,1,40,84,70,80,80,0
JPN,Seiya Maikuma,毎熊晟矢,DF,0,66,76,72,80,78,0
JPN,Yuta Nakayama,中山雄太,DF,1,48,80,72,78,80,0
JPN,Hiroki Ito,伊藤洋輝,DF,0,50,82,74,80,80,0
JPN,Takehiro Tomiyasu,冨安健洋,DF,1,46,88,74,82,86,0
JPN,Tsuyoshi Watanabe,渡辺剛,DF,0,40,80,68,78,78,0
JPN,Hidemasa Morita,守田英正,MF,1,70,80,80,78,84,0
JPN,Wataru Endo,遠藤航,MF,1,64,88,78,80,88,0
JPN,Reo Hatate,旗手怜央,MF,1,76,76,82,78,82,0
JPN,Kaishu Sano,佐野海舟,MF,0,64,78,76,76,80,0
JPN,Kaoru Mitoma,三笘薫,FW,1,90,50,82,88,86,0
JPN,Takumi Minamino,南野拓実,FW,0,82,56,80,78,82,0
JPN,Ayase Ueda,上田綺世,FW,1,84,50,72,82,80,0
JPN,Ritsu Doan,堂安律,FW,0,84,52,80,80,84,0
JPN,Mao Hosoya,細谷真大,FW,0,80,48,70,80,78,0
JPN,Keito Nakamura,中村敬斗,FW,0,82,48,78,82,80,0
JPN,Junya Ito,伊東純也,FW,0,86,50,80,86,80,0
JPN,Takuma Asano,浅野拓磨,FW,0,80,48,72,84,78,0
JPN,Takefusa Kubo,久保建英,FW,1,88,50,86,80,86,0
JPN,Daizen Maeda,前田大然,FW,0,82,50,72,88,80,0
AUT,Alexander Schlager,알렉산더 슐라거,GK,1,14,64,66,74,80,84
AUT,Patrick Pentz,파트리크 펜츠,GK,0,12,60,62,72,76,80
AUT,Florian Wiegele,플로리안 비겔레,GK,0,10,56,58,70,72,76
AUT,David Alaba,다비드 알라바,DF,1,55,84,86,76,88,0
AUT,Kevin Danso,케빈 단소,DF,1,38,82,70,86,78,0
AUT,Marco Friedl,마르코 프리들,DF,1,48,80,72,80,80,0
AUT,Philipp Lienhart,필리프 린하르트,DF,0,40,79,70,82,78,0
AUT,Stefan Posch,슈테판 포슈,DF,0,52,78,72,82,78,0
AUT,David Affengruber,다비드 아펭루버,DF,0,42,80,70,82,76,0
AUT,Phillipp Mwene,필리프 음베네,DF,0,58,74,74,78,76,0
AUT,Alexander Prass,알렉산더 프라스,DF,1,64,72,76,80,78,0
AUT,Michael Svoboda,미하엘 스보보다,DF,0,40,74,66,80,72,0
AUT,Konrad Laimer,콘라트 라이머,MF,1,66,82,78,86,84,0
AUT,Marcel Sabitzer,마르첼 자비처,MF,1,80,68,84,80,86,0
AUT,Xaver Schlager,크사버 슐라거,MF,1,64,80,80,82,82,0
AUT,Nicolas Seiwald,니콜라스 자이발트,MF,0,58,78,82,78,80,0
AUT,Christoph Baumgartner,크리스토프 바움가르트너,MF,1,82,62,82,80,84,0
AUT,Florian Grillitsch,플로리안 그릴리치,MF,0,60,74,80,74,80,0
AUT,Romano Schmid,로마노 슈미트,MF,0,72,64,80,74,78,0
AUT,Carney Chukwuemeka,카니 추쿠에메카,MF,0,76,62,80,80,78,0
AUT,Patrick Wimmer,파트리크 비머,MF,0,75,60,78,76,78,0
AUT,Paul Wanner,파울 바너,MF,0,77,58,82,74,80,0
AUT,Alessandro Schopf,알레산드로 쇠프,MF,0,68,64,76,74,74,0
AUT,Marko Arnautovic,마르코 아르나우토비치,FW,1,82,52,78,82,84,0
AUT,Michael Gregoritsch,미하엘 그레고리치,FW,1,80,50,72,84,80,0
AUT,Sasa Kalajdzic,사사 칼라이지치,FW,0,78,48,68,86,76,0
BEL,Thibaut Courtois,티보 쿠르투아,GK,1,16,68,70,82,90,93
BEL,Senne Lammens,센느 라먼스,GK,0,10,58,60,76,76,80
BEL,Mike Penders,마이크 펜데르스,GK,0,10,56,58,74,74,78
BEL,Timothy Castagne,티모시 카스타녜,DF,1,62,78,74,80,80,0
BEL,Zeno Debast,제노 데바스트,DF,1,44,82,76,80,80,0
BEL,Maxim De Cuyper,막심 더카위퍼,DF,1,64,76,74,78,78,0
BEL,Koni De Winter,코니 더빈터르,DF,0,42,80,70,82,78,0
BEL,Brandon Mechele,브랜던 메헬러,DF,0,38,78,68,80,76,0
BEL,Thomas Meunier,토마 뫼니에,DF,0,60,74,72,80,78,0
BEL,Nathan Ngoy,네이선 은고이,DF,0,40,76,66,80,74,0
BEL,Joaquin Seys,호아킨 세이스,DF,0,58,72,72,76,74,0
BEL,Arthur Theate,아르튀르 테아트,DF,1,46,82,72,82,80,0
BEL,Kevin De Bruyne,케빈 더브라위너,MF,1,90,58,94,80,90,0
BEL,Amadou Onana,아마두 오나나,MF,1,62,80,76,88,82,0
BEL,Nicolas Raskin,니콜라 라스킨,MF,0,60,78,78,78,78,0
BEL,Youri Tielemans,유리 틸레만스,MF,1,76,72,86,78,84,0
BEL,Hans Vanaken,한스 바나컨,MF,0,74,68,82,78,80,0
BEL,Axel Witsel,악셀 비첼,MF,0,60,76,80,76,82,0
BEL,Charles De Ketelaere,샤를 더케텔라러,FW,0,82,58,82,80,82,0
BEL,Jeremy Doku,제레미 도쿠,FW,1,88,48,80,84,82,0
BEL,Matias Fernandez-Pardo,마티아스 페르난데스파르도,FW,0,78,46,74,78,74,0
BEL,Romelu Lukaku,로멜루 루카쿠,FW,1,88,46,74,88,84,0
BEL,Dodi Lukebakio,도디 루케바키오,FW,0,82,48,76,80,78,0
BEL,Diego Moreira,디에고 모레이라,FW,0,76,46,74,78,74,0
BEL,Alexis Saelemaekers,알렉시스 살러마커르스,FW,0,80,56,80,80,80,0
BEL,Leandro Trossard,레안드로 트로사르,FW,1,85,52,82,78,84,0
BIH,Osman Hadzikic,오스만 하지키치,GK,1,12,58,60,74,76,80
BIH,Nikola Vasilj,니콜라 바실리,GK,0,10,58,60,76,76,80
BIH,Martin Zlomislic,마르틴 즐로미슬리치,GK,0,10,54,56,72,72,76
BIH,Nidar Celic,니다르 첼리치,DF,0,42,74,66,78,72,0
BIH,Amar Dedic,아마르 데디치,DF,1,62,76,74,80,78,0
BIH,Denis Hadzikadunic,데니스 하지카두니치,DF,0,40,76,66,80,74,0
BIH,Nikola Katic,니콜라 카티치,DF,1,38,78,66,82,76,0
BIH,Sead Kolasinac,세아드 콜라시나츠,DF,1,58,78,72,82,80,0
BIH,Tarik Muharemovic,타리크 무하레모비치,DF,0,44,76,70,78,74,0
BIH,Nihad Mujakic,니하드 무야키치,DF,0,40,74,66,78,72,0
BIH,Stefan Radelic,스테판 라델리치,DF,0,38,72,64,76,70,0
BIH,Kerim Alajbegovic,케림 알라이베고비치,MF,0,72,58,76,74,74,0
BIH,Esmir Bajraktarevic,에스미르 바이락타레비치,MF,0,74,56,78,74,74,0
BIH,Ivan Basic,이반 바시치,MF,0,58,72,74,74,74,0
BIH,Denis Burnic,제니스 부르니치,MF,0,60,70,74,76,74,0
BIH,Armin Gigovic,아르민 기고비치,MF,1,62,74,76,78,78,0
BIH,Amir Hadziahmetovic,아미르 하지아흐메토비치,MF,1,58,76,76,78,78,0
BIH,Ermin Mahmic,에르민 마흐미치,MF,0,60,68,72,74,72,0
BIH,Amar Memic,아마르 메미치,MF,0,64,62,72,74,72,0
BIH,Ivan Sunjic,이반 슌이치,MF,0,56,76,74,78,76,0
BIH,Benjamin Tahirovic,벤야민 타히로비치,MF,1,66,72,80,78,78,0
BIH,Samed Bazdar,사메드 바즈다르,FW,0,76,48,68,80,74,0
BIH,Ermedin Demirovic,에르메딘 데미로비치,FW,1,80,52,74,82,80,0
BIH,Edin Dzeko,에딘 제코,FW,1,82,48,78,82,86,0
BIH,Jovo Lukic,요보 루키치,FW,0,72,46,66,78,72,0
BIH,Haris Tabakovic,하리스 타바코비치,FW,0,78,46,68,84,76,0
BRA,Alisson,알리송,GK,1,14,70,74,84,90,92
BRA,Ederson,에데르송,GK,0,16,68,80,82,86,90
BRA,Weverton,웨베르통,GK,0,10,60,64,76,78,82
BRA,Alex Sandro,알렉스 산드루,DF,0,62,80,76,78,82,0
BRA,Bremer,브레메르,DF,1,42,88,72,86,84,0
BRA,Danilo,다닐루,DF,0,56,82,76,80,84,0
BRA,Douglas Santos,도글라스 산투스,DF,1,66,78,76,78,80,0
BRA,Gabriel Magalhaes,가브리에우 마갈량이스,DF,1,44,90,74,88,86,0
BRA,Ibanez,이바녜스,DF,0,42,80,70,82,78,0
BRA,Leo Pereira,레오 페레이라,DF,0,40,80,70,82,78,0
BRA,Marquinhos,마르키뉴스,DF,1,46,90,78,84,88,0
BRA,Wesley,웨슬리,DF,0,68,76,74,82,78,0
BRA,Bruno Guimaraes,브루누 기마랑이스,MF,1,74,82,86,82,86,0
BRA,Casemiro,카세미루,MF,0,58,86,76,84,86,0
BRA,Danilo Santos,다닐루 산투스,MF,0,64,80,78,82,80,0
BRA,Fabinho,파비뉴,MF,0,56,82,76,82,82,0
BRA,Lucas Paqueta,루카스 파케타,MF,1,80,68,86,80,84,0
BRA,Endrick,엔드리크,FW,0,84,46,74,80,80,0
BRA,Gabriel Martinelli,가브리에우 마르티넬리,FW,0,86,52,80,84,82,0
BRA,Igor Thiago,이고르 티아구,FW,0,80,48,70,84,78,0
BRA,Luiz Henrique,루이스 엔히키,FW,0,84,50,80,82,80,0
BRA,Matheus Cunha,마테우스 쿠냐,FW,1,86,54,82,82,84,0
BRA,Neymar,네이마르 주니오르,FW,1,92,48,90,76,88,0
BRA,Raphinha,하피냐,FW,1,90,56,86,82,88,0
BRA,Rayan,하이안,FW,0,80,46,74,80,78,0
BRA,Vinicius Junior,비니시우스 주니오르,FW,1,93,50,84,86,88,0
